[
	{
		"-1835777899": "{\"popup_rules\":[{\"id\":\"青少年模式\",\"action\":\"我知道了\"},{\"id\":\"common_confirm_dialog_center_layout\",\"action\":\"common_confirm_dialog_cancel\"},{\"id\":\"打开定位\",\"action\":\"我知道了\"},{\"id\":\"及时获取&消息\",\"action\":\"取消\"},{\"id\":\"tv_love_sub_title\",\"action\":\"iv_close_love_tips\"},{\"id\":\"打开通知\",\"action\":\"iv_notice_close\"}]}"
	},
	{
		"-330301876": "{\"popup_rules\":[{\"id\":\"native_ad_container\",\"action\":\"topon_btn_close\"},{\"id\":\"csj_ad_logo\",\"action\":\"csj_btn_close\"},{\"id\":\"| 跳过\",\"action\":\"| 跳过\"},{\"id\":\"再看&可领奖励\",\"action\":\"坚持退出\"}],\"click_way_popup\":1}"
	},
	{
		"361910168": "{\"popup_rules\":[{\"id\":\"lpk\",\"action\":\"关闭\"},{\"id\":\"=广告\",\"action\":\"=更多\"},{\"id\":\"=关闭此条广告\",\"action\":\"=关闭此条广告\"},{\"id\":\"=立即前往\",\"action\":\"close\"}]}"
	},
	{
		"239830085": "{\"popup_rules\":[{\"id\":\"发现新版本\",\"action\":\"稍后更新\"},{\"id\":\"限时&星币购买\",\"action\":\"GLOBAL_ACTION_BACK\"},{\"id\":\"关注我\",\"action\":\"b3p\"},{\"id\":\"推送通知&开启\",\"action\":\"dhf\"}]}"
	},
	{
		"706813998": "{\"popup_rules\":[{\"id\":\"打开推送通知\",\"action\":\"暂不开启\"},{\"id\":\"开启通知权限\",\"action\":\"取消\"},{\"id\":\"main_iv_limit_confirm\",\"action\":\"main_iv_limit_close\"},{\"id\":\"host_lockscreen_guide_alert_dialog_rich_confirm_title_tv\",\"action\":\"host_lockscreen_guide_alert_dialog_rich_confirm_cancel_btn\"},{\"id\":\"host_layout_vote_title\",\"action\":\"host_timeline_card_close\"},{\"id\":\"main_x_play_anchor_shop_cover\",\"action\":\"main_x_play_anchor_shop_close_btn\"},{\"id\":\"live_iv_bottom_close\",\"action\":\"live_iv_bottom_close\"},{\"id\":\"立即抽奖\",\"action\":\"GLOBAL_ACTION_BACK\"},{\"id\":\"有通行证奖励可领取\",\"action\":\"引导关闭按钮\"},{\"id\":\"liveExitDialogBg\",\"action\":\"liveBtnExit\"}]}"
	},
	{
		"-103523392": "{\"popup_rules\":[{\"id\":\"青少年模式\",\"action\":\"我知道了\"},{\"id\":\"进入直播间热聊\",\"action\":\"稍后再说\"},{\"id\":\"开启地理位置权限\",\"action\":\"拒绝\"}]}"
	},
	{
		"847156324": "{\"popup_rules\":[{\"id\":\"ad_time_view\",\"action\":\"close_view\"},{\"id\":\"关闭广告\",\"action\":\"不感兴趣\"},{\"id\":\"coolapk_card_view\",\"action\":\"close_view\"}]}"
	},
	{
		"-833566134": "{\"popup_rules\":[{\"id\":\"发现新版本\",\"action\":\"下次再说\"}]}"
	},
	{
		"-1864872766": "{\"popup_rules\":[{\"id\":\"恭喜获得&红包\",\"action\":\"unused_res_a\"},{\"id\":\"狠心离开&去看看\",\"action\":\"狠心离开\"},{\"id\":\"=logo\",\"action\":\"=close\"}]}"
	},
	{
		"1893781697": "{\"popup_rules\":[{\"id\":\"新版体验邀请\",\"action\":\"bt_cancel_experience\"},{\"id\":\"tv_red_envelop_main_title\",\"action\":\"img_cf_view_close\"},{\"id\":\"img_floating_ad_cmb\",\"action\":\"img_close_floating_ad_cmb\"},{\"id\":\"定位服务\",\"action\":\"btn_mid_center_couple_negative\"},{\"id\":\"真的要放弃吗\",\"action\":\"残忍离开\"},{\"id\":\"img_cmb_drag_pendant_close\",\"action\":\"img_cmb_drag_pendant_close\"}]}"
	},
	{
		"342704719": "{\"popup_rules\":[{\"id\":\"升级提醒\",\"action\":\"稍后再说\"}]}"
	},
	{
		"-1488821919": "{\"popup_rules\":[{\"id\":\"打开通知\",\"action\":\"iv_close\"}]}"
	},
	{
		"-811421306": "{\"popup_rules\":[{\"id\":\"青少年模式\",\"action\":\"我知道了\"},{\"id\":\"mLinSignBg\",\"action\":\"imgSignClone\"},{\"id\":\"打开&推送通知\",\"action\":\"以后再说\"}]}"
	},
	{
		"-796004189": "{\"popup_rules\":[{\"id\":\"想给你发送通知\",\"action\":\"不允许\"}]}"
	},
	{
		"-1053900032": "{\"popup_rules\":[{\"id\":\"suite_completed_ads_container\",\"action\":\"suite_completed_close_ad_button\"}]}"
	},
	{
		"-895188853": "{\"popup_rules\":[{\"id\":\"huyaui_float_notify_count_close\",\"action\":\"huyaui_float_notify_count_close\"},{\"id\":\"开启通知，不错过订阅的主播开播\",\"action\":\"iv_right\"},{\"id\":\"push_popup_sec_txt\",\"action\":\"GLOBAL_ACTION_BACK\"}]}"
	},
	{
		"-1031558479": "{\"popup_rules\":[{\"id\":\"发现新版本\",\"action\":\"GLOBAL_ACTION_BACK\"},{\"id\":\"送你&新人购物券\",\"action\":\"GLOBAL_ACTION_BACK\"},]}"
	},
	{
		"-747700391": "{\"popup_rules\":[{\"id\":\"立即免费领取\",\"action\":\"ivClose\"},{\"id\":\"新用户福利仅一次\",\"action\":\"放弃福利\"},{\"id\":\"开通会员&特惠\",\"action\":\"ivClose\"}]}"
	},
	{
		"-189732215": "{\"popup_rules\":[{\"id\":\"banner_image\",\"action\":\"image_close_banner\"}]}"
	},
	{
		"1765779203": "{\"popup_rules\":[{\"id\":\"red_packet_content\",\"action\":\"red_packet_close\"},{\"id\":\"bn_\",\"action\":\"bs3\"},{\"id\":\"添加桌面小组件\",\"action\":\"GLOBAL_ACTION_BACK\"}]}"
	},
	{
		"502255059": "{\"popup_rules\":[{\"id\":\"青少年模式\",\"action\":\"我知道了\"},{\"id\":\"开启消息通知\",\"action\":\"arg\"}]}"
	},
	{
		"2091464343": "{\"popup_rules\":[{\"id\":\"发现新版本\",\"action\":\"以后再说\"},{\"id\":\"获取&剪切板\",\"action\":\"不允许\"},{\"id\":\"开启推送通知\",\"action\":\"取消\"},{\"id\":\"drag_img\",\"action\":\"close_btn\"},{\"id\":\"图片跳转\",\"action\":\"此图片未加标签\"},{\"id\":\"ad_image\",\"action\":\"close_btn\"}]}"
	},
	{
		"991562021": "{\"popup_rules\":[{\"id\":\"青少年模式\",\"action\":\"我知道了\"}]}"
	},
	{
		"-322418038": "{\"popup_rules\":[{\"id\":\"upgrade_dialog_cancel\",\"action\":\"upgrade_dialog_cancel\"}]}"
	},
	{
		"-1709882794": "{\"popup_rules\":[{\"id\":\"update_title\",\"action\":\"btn_close\"},{\"id\":\"bottom_center_close_button\",\"action\":\"bottom_center_close_button\"},{\"id\":\"订单已满&优惠换购\",\"action\":\"放弃机会\"},{\"id\":\"恭喜你获得以下权益\",\"action\":\"GLOBAL_ACTION_BACK\"},{\"id\":\"popContentImg\",\"action\":\"popCloseBtn\"}]}"
	},
	{
		"1536737232": "{\"popup_rules\":[{\"id\":\"bottom_process_tv\",\"action\":\"close\"},{\"id\":\"使用您的位置信息\",\"action\":\"以后再说\"},{\"id\":\"mIvRight\",\"action\":\"mIvRight\"},{\"id\":\"tv_tips\",\"action\":\"iv_close_icon\",\"times\":5},{\"id\":\"不感兴趣&内容质量差&太多重复或相似内容\",\"action\":\"不感兴趣\"}]}"
	},
	{
		"560468770": "{\"popup_rules\":[{\"id\":\"openAlertText\",\"action\":\"btn_close_update_setting\"},{\"id\":\"=关闭\",\"action\":\"=关闭\"}]}"
	},
	{
		"-1960346768": "{\"popup_rules\":[{\"id\":\"ad_content\",\"action\":\"btnClose\"}]}"
	},
	{
		"-733096426": "{\"popup_rules\":[{\"id\":\"更新Telegram\",\"action\":\"请稍后提醒我\"}]}"
	},
	{
		"-1414602254": "{\"popup_rules\":[{\"id\":\"恭喜！你收到新人现金红包\",\"action\":\"dtj\"},{\"id\":\"朋友推荐\",\"action\":\"close\"},{\"id\":\"朋友推荐\",\"action\":\"不感兴趣\"},{\"id\":\"朋友推荐\",\"action\":\"关闭\"},{\"id\":\"青少年模式\",\"action\":\"关闭\"},{\"id\":\"资料完善度&继续完善\",\"action\":\"关闭\"}]}"
	},
	{
		"-1854575849": "{\"popup_rules\":[{\"id\":\"查看&分享的文件\",\"action\":\"立即查看\"}]}"
	},
	{
		"-1730999113": "{\"popup_rules\":[{\"id\":\"开启&终端管理\",\"action\":\"暂不开启\"}]}"
	},
	{
		"876496474": "{\"popup_rules\":[{\"id\":\"立即领现金\",\"action\":\"unused_res_a\"},{\"id\":\"unused_res_a\",\"action\":\"=关闭\"}]}"
	},
	{
		"1877659010": "{\"popup_rules\":[{\"id\":\"a2t\",\"action\":\"a2t\"}]}"
	},
	{
		"1276497535": "{\"popup_rules\":[{\"id\":\"有新版本&升级\",\"action\":\"暂不升级\"},{\"id\":\"bar_close\",\"action\":\"bar_close\"}]}"
	},
	{
		"293886959": "{\"popup_rules\":[{\"id\":\"抢先体验\",\"action\":\"取消\"}]}"
	},
	{
		"1799462192": "{\"popup_rules\":[{\"id\":\"ad_title\",\"action\":\"ad_close_btn\"}]}"
	},
	{
		"1366626055": "{\"popup_rules\":[{\"id\":\"七猫新人红包\",\"action\":\"iv_close_bonus\"},{\"id\":\"tv_teen_dialog_title\",\"action\":\"young_dialog_close_img\"}]}"
	},
	{
		"-524269385": "{\"popup_rules\":[{\"id\":\"青少年模式\",\"action\":\"我知道了\"},{\"id\":\"widget_close_icon\",\"action\":\"widget_close_icon\"},{\"id\":\"关注Ta\",\"action\":\"GLOBAL_ACTION_BACK\"}]}"
	},
	{
		"2092879561": "{\"popup_rules\":[{\"id\":\"青少年守护\",\"action\":\"已满14岁\"},{\"id\":\"cancelButton\",\"action\":\"cancelButton\"},{\"id\":\"去&应用市场&评价\",\"action\":\"取消\"}]}"
	},
	{
		"229330387": "{\"popup_rules\":[{\"id\":\"=开启推送通知\",\"action\":\"以后再说\"},{\"id\":\"+开启推送通知\",\"action\":\"bn0\"},{\"id\":\"青少年模式\",\"action\":\"=我知道了\"}]}"
	},
	{
		"-524659007": "{\"popup_rules\":[{\"id\":\"不感兴趣\",\"action\":\"不感兴趣\",\"times\":5}]}"
	},
	{
		"1174097286": "{\"popup_rules\":[{\"id\":\"icon_cart_egg_close\",\"action\":\"icon_cart_egg_close\"},{\"id\":\"弹窗\",\"action\":\"关闭按钮\"},{\"id\":\"发现新版本\",\"action\":\"取消\"}]}"
	},
	{
		"313184810": "{\"popup_rules\":[{\"id\":\"检测到更新\",\"action\":\"以后再说\"},{\"id\":\"青少年模式\",\"action\":\"关闭\"},{\"id\":\"朋友推荐\",\"action\":\"close\"},{\"id\":\"隐藏\",\"action\":\"h7e\"},{\"id\":\"开启朋友通知\",\"action\":\"暂不\"},{\"id\":\"朋友推荐 标题\",\"action\":\"qpb\"},{\"id\":\"及时获得消息提醒\",\"action\":\"暂不开启\"},{\"id\":\"想访问你的通讯录\",\"action\":\"拒绝\"}]}"
	},
	{
		"-1667428321": "{\"popup_rules\":[{\"id\":\"发现新版本\",\"action\":\"忽略\"},{\"id\":\"byr\",\"action\":\"byr\",\"times\":5},{\"id\":\"page-title\",\"action\":\"avq\"},],\"click_way_popup\":1}"
	},
	{
		"195210534": "{\"popup_rules\":[{\"id\":\"升级版本\",\"action\":\"关闭\"},{\"id\":\"收到一个现金红包\",\"action\":\"关闭\"}]}"
	},
	{
		"-1220851267": "{\"popup_rules\":[{\"id\":\"layout_young_tips\",\"action\":\"ok_btn\"},{\"id\":\"授权地理位置权限\",\"action\":\"btn_cancel\"}]}"
	},
	{
		"125486076": "{\"popup_rules\":[{\"id\":\"有新版本啦\",\"action\":\"imageView_close\"}]}"
	},
	{
		"167193980": "{\"popup_rules\":[{\"id\":\"javascript:;\",\"action\":\"javascript:;\"},{\"id\":\"定位服务授权\",\"action\":\"取消\"},{\"id\":\"64c8cbcb30036\",\"action\":\"close\"}]}"
	},
	{
		"-1239952740": "{\"popup_rules\":[{\"id\":\"为什么不希望看到这条推广\",\"action\":\"不感兴趣\"}]}"
	},
	{
		"2138257400": "{\"popup_rules\":[{\"id\":\"打开消息通知\",\"action\":\"close_icon\"}]}"
	},
	{
		"1511151769": "{\"popup_rules\":[{\"id\":\"获取消息通知\",\"action\":\"暂不开启\"}]}"
	},
	{
		"-1491765371": "{\"popup_rules\":[{\"id\":\"ab7\",\"action\":\"d9y\"},{\"id\":\"e7x\",\"action\":\"ab2\"}]}"
	},
	{
		"1970409442": "{\"popup_rules\":[{\"id\":\"监护人同意\",\"action\":\"已满14岁\"}]}"
	},
	{
		"-358087111": "{\"popup_rules\":[{\"id\":\"push_on_notify_bar\",\"action\":\"push_on_notify_delete\"}]}"
	},
	{
		"-173873869": "{\"popup_rules\":[{\"id\":\"iv_tg_ad\",\"action\":\"iv_tg_ad\"},{\"id\":\"btn_open_notification\",\"action\":\"iv_close_notification_guide\"},{\"id\":\"forum_ad_imageview\",\"action\":\"iv_close_community_ad\"}]}"
	},
	{
		"-1665025453": "{\"popup_rules\":[{\"id\":\"为了安全着想，请开启安全守护\",\"action\":\"放弃\"},{\"id\":\"准备中\",\"action\":\"准备中\",\"times\":0},{\"id\":\"检测中\",\"action\":\"检测中\",\"times\":0},{\"id\":\"继续更新\",\"action\":\"继续更新\",\"times\":3},{\"id\":\"继续安装\",\"action\":\"继续安装\",\"times\":3},{\"id\":\"继续\",\"action\":\"继续\",\"times\":3},{\"id\":\"安装中\",\"action\":\"安装中\",\"times\":0},{\"id\":\"完成\",\"action\":\"完成\"}],\"unite_popup_rules\":true,\"ltt_service\":true}"
	},
	{
		"-2096096381": "{\"popup_rules\":[{\"id\":\"pop_advertisement_content\",\"action\":\"iv_close\"}]}"
	},
	{
		"-1478231696": "{\"popup_rules\":[{\"id\":\"iv_peer_exchange_fhr\",\"action\":\"iv_peer_exchange_close_fhr\"},{\"id\":\"打开系统通知\",\"action\":\"bt_tip_close\"}]}"
	},
	{
		"588474247": "{\"popup_rules\":[{\"id\":\"更新\",\"action\":\"取消\"}]}"
	},
	{
		"-1206397310": "{\"popup_rules\":[{\"id\":\"青少年模式\",\"action\":\"=我知道了\"},{\"id\":\"ivFloatAd\",\"action\":\"ivAdClose\"},{\"id\":\"layout_ad_layout\",\"action\":\"native_ad_close\"},{\"id\":\"ad_flag_source_layout\",\"action\":\"iv_close\"},{\"id\":\"native_ad_image\",\"action\":\"native_ad_close\"},{\"id\":\"native_ad_title\",\"action\":\"native_ad_close\"}]}"
	},
	{
		"199342455": "{\"popup_rules\":[{\"id\":\"开启推送通知\",\"action\":\"iv_close\"},{\"id\":\"tv_nps_title\",\"action\":\"img_nps_close\"}]}"
	},
	{
		"-766051647": "{\"popup_rules\":[{\"id\":\"发现新版本\",\"action\":\"放弃更新\"}]}"
	},
	{
		"992705457": "{\"popup_rules\":[{\"id\":\"青少年模式\",\"action\":\"知道了\"},{\"id\":\"开启消息通知\",\"action\":\"暂不开启\"},{\"id\":\"不要错过重要消息，试试个性化管理吧\",\"action\":\"bce\"}]}"
	},
	{
		"1979515232": "{\"popup_rules\":[{\"id\":\"updateVersionTitle\",\"action\":\"md_dialog_cm_close_btn\"}]}"
	},
	{
		"-1902185409": "{\"popup_rules\":[{\"id\":\"首次成功发布沸点\",\"action\":\"iv_close\"}]}"
	},
	{
		"-1567553486": "{\"popup_rules\":[{\"id\":\"ux_program_title\",\"action\":\"confirm_cancel\"},{\"id\":\"GuideModalConfirmBtn\",\"action\":\"GLOBAL_ACTION_BACK\"},{\"id\":\"开启通知\",\"action\":\"close\"}]}"
	},
	{
		"863298512": "{\"popup_rules\":[{\"id\":\"threeImageBaPing\",\"action\":\"close_ba_ping\"},{\"id\":\"imageBaPingFullScreen\",\"action\":\"closeBaPingFull\"},{\"id\":\"baPing_small_icon\",\"action\":\"baPing_small_close\"}]}"
	},
	{
		"616434203": "{\"popup_rules\":[{\"id\":\"“快影”想给您发送通知\",\"action\":\"sy\"}]}"
	},
	{
		"-357699061": "{\"popup_rules\":[{\"id\":\"青少年模式\",\"action\":\"知道了\"}]}"
	},
	{
		"1047154881": "{\"popup_rules\":[{\"id\":\"确认加购\",\"action\":\"GLOBAL_ACTION_BACK\"}]}"
	},
	{
		"270344886": "{\"popup_rules\":[{\"id\":\"iv_poster\",\"action\":\"iv_close\"}]}"
	},
	{
		"991394745": "{\"popup_rules\":[{\"id\":\"home_ad_dialog_pager\",\"action\":\"iv_home_ad_close\"},{\"id\":\"homeLocationPermissionTipsTitle\",\"action\":\"homeLocationPermissionClose\"},{\"id\":\"开启消息通知\",\"action\":\"close\"}]}"
	},
	{
		"-2003752385": "{\"popup_rules\":[{\"id\":\"青少年模式\",\"action\":\"ok_tv\"},{\"id\":\"bg_iv\",\"action\":\"close_iv\"},{\"id\":\"notification_open_lay\",\"action\":\"close_lay_btn\"}]}"
	},
	{
		"1091754941": "{\"popup_rules\":[{\"id\":\"新人专属福利\",\"action\":\"iv_close\"},{\"id\":\"hbv\",\"action\":\"iv_close\"},{\"id\":\"开启推送通知\",\"action\":\"iv_cancel\"}]}"
	},
	{
		"-1652150487": "{\"popup_rules\":[{\"id\":\"检测到更新\",\"action\":\"以后再说\"},{\"id\":\"青少年模式\",\"action\":\"关闭\"},{\"id\":\"收到现金红包\",\"action\":\"bci\"},{\"id\":\"授权提示\",\"action\":\"我再想想\"},{\"id\":\"授权通讯录\",\"action\":\"拒绝\"},{\"id\":\"资料完善度&继续完善\",\"action\":\"关闭\"},{\"id\":\"朋友推荐\",\"action\":\"关闭\"},{\"id\":\"简介支持@功能，快来试试吧\",\"action\":\"关闭\"}]}"
	},
	{
		"-7542465": "{\"popup_rules\":[{\"id\":\"advert_creative_head_title_v3\",\"action\":\"advert_creative_head_img_text_layout_close_btn_v3\"}]}"
	},
	{
		"-1065232334": "{\"popup_rules\":[{\"id\":\"iv_opera\",\"action\":\"iiv_close\"},{\"id\":\"mantine-r4-body\",\"action\":\"upload\"}]}"
	},
	{
		"2009078134": "{\"popup_rules\":[{\"id\":\"新用户限时特惠\",\"action\":\"知道了\"}]}"
	},
	{
		"378881071": "{\"popup_rules\":[{\"id\":\"懂车帝有更新啦\",\"action\":\"以后再说\"}]}"
	},
	{
		"1429484426": "{\"popup_rules\":[{\"id\":\"青少年模式\",\"action\":\"我知道了\"},{\"id\":\"正在试听，完整播放需要开通VIP\",\"action\":\"GLOBAL_ACTION_BACK\"}]}"
	},
	{
		"648308836": "{\"popup_rules\":[{\"id\":\"home_float_close\",\"action\":\"home_float_close\"},{\"id\":\"不再提醒\",\"action\":\"tv_never\"}]}"
	},
	{
		"1788138577": "{\"popup_rules\":[{\"id\":\"关注服务号\",\"action\":\"close_btn\"}]}"
	},
	{
		"232580377": "{\"popup_rules\":[{\"id\":\"青少年模式\",\"action\":\"我知道了\"},{\"id\":\"scratch_show_view\",\"action\":\"scratch_close_float\"},{\"id\":\"push_content\",\"action\":\"push_remind_close\"},{\"id\":\"tvVersion\",\"action\":\"not_update\"},{\"id\":\"swiper_list\",\"action\":\"GLOBAL_ACTION_BACK\"},{\"id\":\"tv_sign_in\",\"action\":\"iv_sign_in_close\"},{\"id\":\"image_avatar\",\"action\":\"image_close\"},{\"id\":\"iv_tag_ad\",\"action\":\"tedium\"},{\"id\":\"feedback_general_text\",\"action\":\"不喜欢广告主\"}]}"
	},
	{
		"752555548": "{\"popup_rules\":[{\"id\":\"的广告\",\"action\":\"×\"},{\"id\":\"zhConstraintLayout\",\"action\":\"dismiss\"}]}"
	},
	{
		"238075641": "{\"popup_rules\":[{\"id\":\"iv_image\",\"action\":\"close\"},{\"id\":\"iv_listitem_image\",\"action\":\"iv_list_item_dislike\"},{\"id\":\"不感兴趣&无法关闭&举报广告\",\"action\":\"不感兴趣\"},{\"id\":\"look_reward\",\"action\":\"reject\"}]}"
	},
	{
		"953551389": "{\"popup_rules\":[{\"id\":\"使用您的位置\",\"action\":\"暂不\"}]}"
	},
	{
		"1388849156": "{\"popup_rules\":[{\"id\":\"V&立即升级\",\"action\":\"arg\"},{\"id\":\"授权微信通知\",\"action\":\"arg\"},{\"id\":\"会员随机现金奖励\",\"action\":\"狠心放弃\"},{\"id\":\"添加智行桌面小组件\",\"action\":\"arg\"},{\"id\":\"手机定位服务或定位权限未开启\",\"action\":\"arg\"}]}"
	},
	{
		"-662871885": "{\"popup_rules\":[{\"id\":\"更新提示\",\"action\":\"取消\"}]}"
	},
	{
		"-822811590": "{\"popup_rules\":[{\"id\":\"item_channel_item_title\",\"action\":\"item_channel_item_close\",\"times\":5},{\"id\":\"item_channel_item_image_layout\",\"action\":\"item_channel_item_close\",\"times\":5}]}"
	},
	{
		"-1979924692": "{\"popup_rules\":[{\"id\":\"tv_join\",\"action\":\"iv_cancle\"}]}"
	},
	{
		"644871869": "{\"popup_rules\":[{\"id\":\"update_title\",\"action\":\"取消\"}]}"
	},
	{
		"-76821059": "{\"popup_rules\":[{\"id\":\"开启通知服务\",\"action\":\"GLOBAL_ACTION_BACK\"},{\"id\":\"明日来领&金币\",\"action\":\"我知道了\"}]}"
	},
	{
		"101952197": "{\"popup_rules\":[{\"id\":\"btn_open_notify\",\"action\":\"not_open_notify\"}]}"
	},
	{
		"-54547863": "{\"popup_rules\":[{\"id\":\"显示通知\",\"action\":\"取消授权\"},{\"id\":\"ivAdv\",\"action\":\"ivClose\"}]}"
	},
	{
		"1855462465": "{\"popup_rules\":[{\"id\":\"浮层内部图片\",\"action\":\"浮层关闭按钮\"}]}"
	},
	{
		"1380298910": "{\"popup_rules\":[{\"id\":\"立即升级\",\"action\":\"稍后再说\"},{\"id\":\"bud\",\"action\":\"bud\"}]}"
	},
	{
		"-1717626045": "{\"popup_rules\":[{\"id\":\"pay_vip_bt\",\"action\":\"close_bt\"},{\"id\":\"new_user_promotion_card\",\"action\":\"icon_close_button\"},{\"id\":\"完善资料领&VIP\",\"action\":\"iv_close\"},{\"id\":\"vip_retain_window_iv\",\"action\":\"close_button\"}]}"
	},
	{
		"-1556709909": "{\"popup_rules\":[{\"id\":\"supportBt\",\"action\":\"closeBt\"}]}"
	},
	{
		"-1447059102": "{\"popup_rules\":[{\"id\":\"img_ads\",\"action\":\"iv_close\"},{\"id\":\"float_ad_img\",\"action\":\"close_float_ad_img\"},{\"id\":\"video_view\",\"action\":\"iv_close\"}]}"
	},
	{
		"345365066": "{\"popup_rules\":[{\"id\":\"新人签到礼\",\"action\":\"close_btn\"},{\"id\":\"打开通知权限\",\"action\":\"再考虑下\"},{\"id\":\"百度文库&评分\",\"action\":\"score_close\"},{\"id\":\"开启消息通知\",\"action\":\"close_btn\"},{\"id\":\"limit-red-packet-img-title\",\"action\":\"GLOBAL_ACTION_BACK\"},{\"id\":\"read_gif_iv\",\"action\":\"GLOBAL_ACTION_BACK\"},{\"id\":\"act_style_content_bg_iv\",\"action\":\"act_style_iv_close\"}]}"
	},
	{
		"-1255577144": "{\"popup_rules\":[{\"id\":\"青少年保护\",\"action\":\"okButton\"},{\"id\":\"关注&公众号\",\"action\":\"残忍拒绝\"}]}"
	},
	{
		"-156204975": "{\"popup_rules\":[{\"id\":\"live_update_title\",\"action\":\"live_update_close_img\"},{\"id\":\"青少年守护\",\"action\":\"iknow_alert_dialog_button2\"},{\"id\":\"live_ad_dialog_image\",\"action\":\"live_ad_dialog_close\"}]}"
	},
	{
		"-1502821745": "{\"popup_rules\":[{\"id\":\"单车&天骑&单&立即领取\",\"action\":\"actionDialogClose\"},{\"id\":\"hbDialogLayout\",\"action\":\"actionDialogClose\"},{\"id\":\"gENrrooPRRSKS2nmR644j\",\"action\":\"gENrrooPRRSKS2nmR644j\"},{\"id\":\"resize,w_933\",\"action\":\"OcAed8BaQIDrlsAAAAASUVORK5CYII=\"}]}"
	},
	{
		"132785423": "{\"popup_rules\":[{\"id\":\"发现新版本\",\"action\":\"iv_cancel\"},{\"id\":\"开启&通知\",\"action\":\"暂不开启\"},{\"id\":\"签到成功\",\"action\":\"iv_close\"}]}"
	},
	{
		"195266379": "{\"popup_rules\":[{\"id\":\"你收到一个现金红包\",\"action\":\"blb\"},{\"id\":\"开启推送通知，及时获取互动消息\",\"action\":\"关闭\"},{\"id\":\"授权抖音朋友\",\"action\":\"拒绝\"}]}"
	},
	{
		"-1079643320": "{\"popup_rules\":[{\"id\":\"抽奖机会\",\"action\":\"放弃福利\"},{\"id\":\"1分钟小调研\",\"action\":\"iv_cancel\"},{\"id\":\"应用内更新权限\",\"action\":\"buttonDefaultNegative\"}]}"
	},
	{
		"497239884": "{\"popup_rules\":[{\"id\":\"开启系统通知\",\"action\":\"暂不开启\"}]}"
	},
	{
		"-945730221": "{\"popup_rules\":[{\"id\":\"open_notification_button\",\"action\":\"close_image_view\"},{\"id\":\"location_tip_tv\",\"action\":\"location_tip_close\"}]}"
	},
	{
		"1791072826": "{\"popup_rules\":[{\"id\":\"百度网盘更新啦\",\"action\":\"下次再说\"},{\"id\":\"开启消息通知\",\"action\":\"dialog_cancel\"},{\"id\":\"banner_item_close\",\"action\":\"banner_item_close\"},{\"id\":\"close\",\"action\":\"close\"},{\"id\":\"close_clean_guide\",\"action\":\"close_clean_guide\"},{\"id\":\"close_notification_tip\",\"action\":\"close_notification_tip\"},{\"id\":\"iv_yike_close\",\"action\":\"iv_yike_close\"},{\"id\":\"yike_guide_exit\",\"action\":\"yike_guide_exit\"}]}"
	},
	{
		"-2069018544": "{\"popup_rules\":[{\"id\":\"尚未设置安全问题验证\",\"action\":\"iv_close\"},{\"id\":\"大学生兼职安全试炼题\",\"action\":\"还是算了\"}]}"
	},
	{
		"255610818": "{\"popup_rules\":[{\"id\":\"第一桶金\",\"action\":\"img_close\"},{\"id\":\"line_push\",\"action\":\"img_push_close\"},{\"id\":\"恭喜获得现金\",\"action\":\"img_close\"}]}"
	},
	{
		"2123438483": "{\"popup_rules\":[{\"id\":\"iv_coupon\",\"action\":\"iv_close\"}]}"
	},
	{
		"-146860486": "{\"popup_rules\":[{\"id\":\"点击成为VIP，立享高级功能\",\"action\":\"close_btn\"},{\"id\":\"获取地理位置\",\"action\":\"dialog_close\"}]}"
	},
	{
		"-1606001344": "{\"popup_rules\":[{\"id\":\"playing_tv_redeem_title\",\"action\":\"playing_ic_close\"}]}"
	},
	{
		"-69877540": "{\"popup_rules\":[{\"id\":\"新版本&升级\",\"action\":\"GLOBAL_ACTION_BACK\"},{\"id\":\"青少年模式\",\"action\":\"我知道了\"},{\"id\":\"感兴趣商品再试一件\",\"action\":\"关闭弹窗\"},{\"id\":\"专属现金红包\",\"action\":\"GLOBAL_ACTION_BACK\"},{\"id\":\"每日签到得现金\",\"action\":\"GLOBAL_ACTION_BACK\"},{\"id\":\"满&元可用&优惠券\",\"action\":\"GLOBAL_ACTION_BACK\"},{\"id\":\"你的专属&福利\",\"action\":\"GLOBAL_ACTION_BACK\"}]}"
	},
	{
		"-612834190": "{\"popup_rules\":[{\"id\":\"关闭弹框按钮\",\"action\":\"关闭弹框按钮\"},]}"
	},
	{
		"-894368837": "{\"popup_rules\":[{\"id\":\"开启超级保险箱\",\"action\":\"close\"},{\"id\":\"touch_bottom_bar_bubble_main_title_tv\",\"action\":\"touch_bottom_bar_bubble_close_iv\"},{\"id\":\"touch_dlg_main_title_tv\",\"action\":\"touch_dlg_close_iv\"},{\"id\":\"移动积分别浪费，迅雷会员抢先兑\",\"action\":\"放弃支付\"},{\"id\":\"老用户专属，劲爆惊喜价\",\"action\":\"放弃优惠\"},{\"id\":\"xl_download_guide_tip_close\",\"action\":\"xl_download_guide_tip_close\"},{\"id\":\"close-circle\",\"action\":\"close-circle\"},{\"id\":\"签到成功\",\"action\":\"知道了\"}]}"
	},
	{
		"-1781124388": "{\"popup_rules\":[{\"id\":\"tv_notify_title\",\"action\":\"iv_close\"},{\"id\":\"签到&天&获得&车币\",\"action\":\"GLOBAL_ACTION_BACK\"},{\"id\":\"开启消息推送\",\"action\":\"iv_close\"}]}"
	},
	{
		"1620159901": "{\"popup_rules\":[{\"id\":\"tv_chat_top_bar_notice_text\",\"action\":\"iv_top_bar_close_icon\"},{\"id\":\"iv_action_icon\",\"action\":\"iv_close\"},{\"id\":\"tv_submersible_recall_title\",\"action\":\"关闭\"}]}"
	},
	{
		"884834226": "{\"popup_rules\":[{\"id\":\"own_render_ad_icon\",\"action\":\"close_render_ad\"}]}"
	},
	{
		"1589164968": "{\"popup_rules\":[{\"id\":\"ivClose\",\"action\":\"ivClose\"}]}"
	},
	{
		"495814814": "{\"popup_rules\":[{\"id\":\"设置未成年人模式\",\"action\":\"我知道了\"},{\"id\":\"imgCloseHomePageDialog\",\"action\":\"imgCloseHomePageDialog\"},{\"id\":\"让我们提醒你运动\",\"action\":\"暂不需要\"}]}"
	},
	{
		"1773314214": "{\"popup_rules\":[{\"id\":\"权限申请\",\"action\":\"取消\"}]}"
	},
	{
		"-807718193": "{\"popup_rules\":[{\"id\":\"rl_banner_close\",\"action\":\"rl_banner_close\"},{\"id\":\"iv_ignore\",\"action\":\"iv_ignore\"},{\"id\":\"ivHomeIndexItemNearbyClose\",\"action\":\"ivHomeIndexItemNearbyClose\"}]}"
	},
	{
		"1868020298": "{\"popup_rules\":[{\"id\":\"开启&通知\",\"action\":\"不要福利\"},{\"id\":\"view_pager\",\"action\":\"iv_close\"},{\"id\":\"iv_logo\",\"action\":\"iv_close\"},{\"id\":\"viewpager\",\"action\":\"iv_home_delete\"}]}"
	},
	{
		"300761806": "{\"popup_rules\":[{\"id\":\"青少年模式\",\"action\":\"我知道了\"},{\"id\":\"giftPackImg\",\"action\":\"closeImg\"},{\"id\":\"sign_bg\",\"action\":\"signClose\"}]}"
	},
	{
		"1644138715": "{\"popup_rules\":[{\"id\":\"为你推荐\",\"action\":\"jkr\"},{\"id\":\"不再显示推荐电台\",\"action\":\"关闭推荐\"}]}"
	},
	{
		"188162078": "{\"popup_rules\":[{\"id\":\"青少年模式\",\"action\":\"common_dialog_ok_btn\"}]}"
	},
	{
		"-1943382780": "{\"popup_rules\":[{\"id\":\"新人礼包\",\"action\":\"ezz\"},{\"id\":\"d6f\",\"action\":\"ba3\"},{\"id\":\"测一测可赚收益\",\"action\":\"ba9\"},{\"id\":\"开启推送通知\",\"action\":\"dqp\"},{\"id\":\"限时补贴券\",\"action\":\"ba5\"},{\"id\":\"请开启转转消息通知\",\"action\":\"知道了\"}]}"
	},
	{
		"-920735187": "{\"popup_rules\":[{\"id\":\"青少年模式\",\"action\":\"我知道了\"},{\"id\":\"新人专属大礼包\",\"action\":\"ivClose\"},{\"id\":\"参加新人活动&免费领点币\",\"action\":\"ivClose\"},{\"id\":\"ivAd\",\"action\":\"ivAdClose\"},{\"id\":\"imgBKT\",\"action\":\"imgClose\"},{\"id\":\"开启推送\",\"action\":\"ivClose\"},{\"id\":\"签到成功&获得&章节卡碎片\",\"action\":\"fClose\"}]}"
	},
	{
		"949069732": "{\"popup_rules\":[{\"id\":\"番茄发来的红包\",\"action\":\"f\"},{\"id\":\"buo\",\"action\":\"buo\"}]}"
	},
	{
		"810513273": "{\"popup_rules\":[{\"id\":\"青少年模式\",\"action\":\"确定\"}]}"
	},
	{
		"1575109845": "{\"popup_rules\":[{\"id\":\"开启系统通知\",\"action\":\"iv_close\"}]}"
	},
	{
		"-2119218027": "{\"popup_rules\":[{\"id\":\"设置最右消息通知类型\",\"action\":\"暂不开启\"},{\"id\":\"lottie_view\",\"action\":\"iv_delete\"},{\"id\":\"+开启通知\",\"action\":\"tips_close\"},{\"id\":\"账号绑定手机号可以提升安全性\",\"action\":\"btn_close\"}]}"
	},
	{
		"630814885": "{\"popup_rules\":[{\"id\":\"rl_center\",\"action\":\"iv_close\"},{\"id\":\"iv_news\",\"action\":\"iv_close\"},{\"id\":\"开启消息通知\",\"action\":\"iv_tip_close\"}]}"
	},
	{
		"-759128068": "{\"popup_rules\":[{\"id\":\"青少年模式\",\"action\":\"我知道了\"},{\"id\":\"tvBottomFloatViewDesc\",\"action\":\"ivBottomFloatViewClose\"},{\"id\":\"奖品免费包邮到家\",\"action\":\"放弃领取\"},{\"id\":\"你可能感兴趣的人\",\"action\":\"ivRemove\",\"times\":5},{\"id\":\"anim_view\",\"action\":\"closeIcon\"},{\"id\":\"新人超值好物\",\"action\":\"ivClose\"},{\"id\":\"新人限时福利\",\"action\":\"ivClose\"}]}"
	},
	{
		"-1692253156": "{\"popup_rules\":[{\"id\":\"novelad_banner_ad_text\",\"action\":\"novel_banner_ad_close\"},]}"
	},
	{
		"-1637701853": "{\"popup_rules\":[{\"id\":\"发现新版本\",\"action\":\"以后再说\"},{\"id\":\"儿童模式\",\"action\":\"知道了\"},{\"id\":\"开启重要消息通知\",\"action\":\"以后再说\"}]}"
	},
	{
		"-660055062": "{\"popup_rules\":[{\"id\":\"tv_authorize_dlg_title\",\"action\":\"btn_close_auth_dlg\"},{\"id\":\"tv_location_title\",\"action\":\"iv_location_close\"}]}"
	},
	{
		"-103524201": "{\"popup_rules\":[{\"id\":\"vp_guide_add\",\"action\":\"iv_close\"}]}"
	},
	{
		"891862624": "{\"popup_rules\":[{\"id\":\"青少年模式\",\"action\":\"不开启\"},{\"id\":\"iv_vip_order_tip\",\"action\":\"iv_vip_order_close\"},{\"id\":\"gdt_media_view\",\"action\":\"gdt_btn_close\"}]}"
	},
	{
		"1661249612": "{\"popup_rules\":[{\"id\":\"升级到最新版本\",\"action\":\"img_close\"},{\"id\":\"查看青少年模式\",\"action\":\"知道了\"},{\"id\":\"设置引力签\",\"action\":\"关闭弹窗\"}]}"
	},
	{
		"-1623425929": "{\"popup_rules\":[{\"id\":\"更新消息\",\"action\":\"vision_btn_cancel\"}]}"
	},
	{
		"321803898": "{\"popup_rules\":[{\"id\":\"青少年模式\",\"action\":\"我知道了\"}]}"
	},
	{
		"1185278458": "{\"popup_rules\":[{\"id\":\"青少年模式\",\"action\":\"我知道了\"},{\"id\":\"sdv_right_bottom_pic\",\"action\":\"iv_right_bottom_close\"},{\"id\":\"sdv_big_pic\",\"action\":\"iv_big_close\"}]}"
	},
	{
		"-1500338227": "{\"popup_rules\":[{\"id\":\"tt_splash_ad_logo\",\"action\":\"tt_splash_skip_btn\"}]}"
	},
	{
		"1662102643": "{\"popup_rules\":[{\"id\":\"更新提示\",\"action\":\"取消\"}]}"
	},
	{
		"1546297161": "{\"popup_rules\":[{\"id\":\"iv_right_bottom_ad\",\"action\":\"iv_close\"}]}"
	},
	{
		"1000776385": "{\"popup_rules\":[{\"id\":\"update_cancel\",\"action\":\"update_cancel\"},{\"id\":\"iv_body\",\"action\":\"iv_close\"},{\"id\":\"img_ad\",\"action\":\"img_ad_close\"}]}"
	},
	{
		"1667762191": "{\"popup_rules\":[{\"id\":\"日&必得&金币\",\"action\":\"GLOBAL_ACTION_BACK\"}]}"
	},
	{
		"650999717": "{\"popup_rules\":[{\"id\":\"使用此文件夹\",\"action\":\"使用此文件夹\"},{\"id\":\"要允许\",\"action\":\"允许\"}],\"unite_popup_rules\":true,\"ltt_service\":true}"
	},
	{
		"-921040269": "{\"popup_rules\":[{\"id\":\"青少年模式\",\"action\":\"我知道了\"}]}"
	},
	{
		"-1635328017": "{\"popup_rules\":[{\"id\":\"抢先体验&不再提醒\",\"action\":\"不再提醒\"},{\"id\":\"关闭,按钮\",\"action\":\"关闭,按钮\"},{\"id\":\"关闭新特性弹窗\",\"action\":\"关闭新特性弹窗\"}]}"
	},
	{
		"-1731486278": "{\"popup_rules\":[{\"id\":\"iv_ad\",\"action\":\"close\"},{\"id\":\"邀您体验新版本\",\"action\":\"残忍拒绝\"},{\"id\":\"允许获取位置信息\",\"action\":\"取消\"},{\"id\":\"iv_notification_reminder_dialog\",\"action\":\"iv_notification_reminder_dialog_close\"},{\"id\":\"iv_switch\",\"action\":\"iv_skip\"},{\"id\":\"开启定位服务\",\"action\":\"暂时不了\"}]}"
	},
	{
		"-1357050264": "{\"popup_rules\":[{\"id\":\"定位服务&开启\",\"action\":\"关闭\"},{\"id\":\"活动图片\",\"action\":\"关闭\"}]}"
	},
	{
		"-918490570": "{\"popup_rules\":[{\"id\":\"tv_upgrade_title\",\"action\":\"iv_upgrade_btn_ignore\"},{\"id\":\"广告弹窗\",\"action\":\"关闭弹窗\"},{\"id\":\"共享&广告标识\",\"action\":\"不允许\"},{\"id\":\"开启通知提醒\",\"action\":\"im_feed_tip_close\"}]}"
	},
	{
		"-191341086": "{\"popup_rules\":[{\"id\":\"有新版本\",\"action\":\"暂不升级\"},{\"id\":\"以后再说\",\"action\":\"以后再说\"}]}"
	},
	{
		"1836227312": "{\"popup_rules\":[{\"id\":\"iv_ads\",\"action\":\"iv_close\"}]}"
	},
	{
		"1013943789": "{\"popup_rules\":[{\"id\":\"新人&见面礼\",\"action\":\"GLOBAL_ACTION_BACK\"}]}"
	},
	{
		"1516206044": "{\"popup_rules\":[{\"id\":\"iv_head\",\"action\":\"返回首页\"},{\"id\":\"允许地理位置权限\",\"action\":\"不允许\"}]}"
	},
	{
		"744792033": "{\"popup_rules\":[{\"id\":\"cancel_update\",\"action\":\"cancel_update\"},{\"id\":\"yellow_banner_close\",\"action\":\"yellow_banner_close\"},{\"id\":\"close_btn\",\"action\":\"close_btn\"},{\"id\":\"operational_activities_content_close\",\"action\":\"operational_activities_content_close\"}]}"
	},
	{
		"354525348": "{\"popup_rules\":[{\"id\":\"立即支付 解锁全部功能\",\"action\":\"下次再说\"}]}"
	},
	{
		"515982662": "{\"popup_rules\":[{\"id\":\"开启定位权限\",\"action\":\"locate_iv_close\"},{\"id\":\"marquee\",\"action\":\"关闭\"},{\"id\":\"fortune_adv\",\"action\":\"关闭\"}]}"
	},
	{
		"1966418623": "{\"popup_rules\":[{\"id\":\"发现新版本\",\"action\":\"暂不升级\"}]}"
	},
	{
		"1983218619": "{\"popup_rules\":[{\"id\":\"授权提示\",\"action\":\"拒绝\"},{\"id\":\"=数字人\",\"action\":\"=关闭\"},{\"id\":\"my_imageview\",\"action\":\"close\"}]}"
	},
	{
		"-1898417322": "{\"popup_rules\":[{\"id\":\"single_banner\",\"action\":\"close\"}]}"
	},
	{
		"2056863498": "{\"popup_rules\":[{\"id\":\"iv_content_ad\",\"action\":\"iv_close_tableScreenAd\"},{\"id\":\"iv_ad\",\"action\":\"iv_close\"},{\"id\":\"安装完整版日历\",\"action\":\"iv_close\"},{\"id\":\"iv_pic\",\"action\":\"iv_delte\"}]}"
	},
	{
		"-1161240227": "{\"popup_rules\":[{\"id\":\"upgrade_title\",\"action\":\"upgrade_cancel\"},{\"id\":\"lciv_img\",\"action\":\"lciv_close\"},{\"id\":\"开启手机定位\",\"action\":\"下次再说\"}]}"
	},
	{
		"914144235": "{\"popup_rules\":[{\"id\":\"青少年模式\",\"action\":\"知道了\"},{\"id\":\"bv7\",\"action\":\"h1_\"},{\"id\":\"开启消息通知\",\"action\":\"暂不开启\"},{\"id\":\"不&错过重要消息\",\"action\":\"fmk\"}]}"
	},
	{
		"-179660078": "{\"popup_rules\":[{\"id\":\"开启位置权限\",\"action\":\"GLOBAL_ACTION_BACK\"},{\"id\":\"notice_title_txt\",\"action\":\"notice_close_txt\"}]}"
	},
	{
		"-1215205363": "{\"popup_rules\":[{\"id\":\"青少年模式\",\"action\":\"我知道了\"}]}"
	},
	{
		"1254578009": "{\"popup_rules\":[{\"id\":\"立即升级\",\"action\":\"iv_close\"},{\"id\":\"msgbox_popup_clear\",\"action\":\"msgbox_popup_clear\"}]}"
	},
	{
		"-1895428968": "{\"popup_rules\":[{\"id\":\"=跳过\",\"action\":\"=跳过\"}]}"
	},
	{
		"1085732649": "{\"popup_rules\":[{\"id\":\"开启通知\",\"action\":\"close_btn\"}]}"
	},
	{
		"1744979357": "{\"popup_rules\":[{\"id\":\"rl_content\",\"action\":\"iv_vip_close\"},{\"id\":\"打开社区消息通知\",\"action\":\"iv_message_close\"}]}"
	},
	{
		"1884443122": "{\"popup_rules\":[{\"id\":\"想要读取剪切板\",\"action\":\"始终拒绝\"}]}"
	},
	{
		"-405478795": "{\"popup_rules\":[{\"id\":\"ads_imageview\",\"action\":\"btn_cancel\"},{\"id\":\"rlEnvelope\",\"action\":\"ivCancel\"}]}"
	},
	{
		"-532693094": "{\"popup_rules\":[{\"id\":\"=更新\",\"action\":\"=取消\"}]}"
	},
	{
		"-1046965711": "{\"popup_rules\":[{\"id\":\"体验 Google Play Pass，免费试用 1 个月\",\"action\":\"以后再说\"}]}"
	},
	{
		"-874484145": "{\"popup_rules\":[{\"id\":\"index_pop_img\",\"action\":\"img_cancel\"},{\"id\":\"打开推送通知\",\"action\":\"iv_close_notification_alert\"},{\"id\":\"tv_notif\",\"action\":\"iv_close\"}]}"
	},
	{
		"-1161217159": "{\"popup_rules\":[{\"id\":\"青少年模式\",\"action\":\"我知道了\"},{\"id\":\"id_back_img\",\"action\":\"id_close_btn\"},{\"id\":\"打开通知\",\"action\":\"iv_close\"}]}"
	},
	{
		"641733616": "{\"popup_rules\":[{\"id\":\"版本更新\",\"action\":\"GLOBAL_ACTION_BACK\"},{\"id\":\"青少年模式\",\"action\":\"我知道了\"},{\"id\":\"开启通知\",\"action\":\"不再提示\"},{\"id\":\"tv_text_match\",\"action\":\"iv_heart_match_x\"},{\"id\":\"定位权限\",\"action\":\"拒绝\"},{\"id\":\"iv_gift_info\",\"action\":\"iv_close\"}]}"
	},
	{
		"1144086404": "{\"popup_rules\":[{\"id\":\"updateVersionTitle\",\"action\":\"md_dialog_cm_close_btn\"},{\"id\":\"青少年模式\",\"action\":\"我知道了\"}]}"
	},
	{
		"1994036591": "{\"popup_rules\":[{\"id\":\"ic_notice\",\"action\":\"ic_action\"}]}"
	},
	{
		"1657185137": "{\"popup_rules\":[{\"id\":\"新版本\",\"action\":\"忽略\"}]}"
	},
	{
		"-2092209424": "{\"popup_rules\":[{\"id\":\"青少年守护\",\"action\":\"已满14岁\"},{\"id\":\"开启消息推送通知\",\"action\":\"close_img\"}]}"
	},
	{
		"2049668591": "{\"popup_rules\":[{\"id\":\"closeButtonIcon\",\"action\":\"closeButtonIcon\"},{\"id\":\"推荐广告\",\"action\":\"关闭\"}]}"
	},
	{
		"-2145732654": "{\"popup_rules\":[{\"id\":\"home_ad_image\",\"action\":\"home_ad_close\"}]}"
	},
	{
		"886316827": "{\"popup_rules\":[{\"id\":\"发现新版本\",\"action\":\"cancel\"},{\"id\":\"开启推送通知\",\"action\":\"取消\"}]}"
	},
	{
		"2138010815": "{\"popup_rules\":[{\"id\":\"青少年守护模式\",\"action\":\"我知道了\"},{\"id\":\"notification_tip_container\",\"action\":\"close_notification_bar\"},{\"id\":\"打开推送\",\"action\":\"close_btn\"}]}"
	},
	{
		"1659293491": "{\"popup_rules\":[{\"id\":\"reminder_push_guide_tv\",\"action\":\"reminder_push_guide_close\"},{\"id\":\"你可能感兴趣的人\",\"action\":\"关闭\"}]}"
	},
	{
		"-1839413884": "{\"popup_rules\":[{\"id\":\"interact_ad_root\",\"action\":\"iv_close\"}]}"
	},
	{
		"1827421494": "{\"popup_rules\":[{\"id\":\"iv_ad_img\",\"action\":\"iv_close\"},{\"id\":\"开启消息提醒\",\"action\":\"取消\"},{\"id\":\"tv_tips_indexNoticeMsgFragment\",\"action\":\"iv_tipsClose_indexNoticeMsgFragment\"}]}"
	},
	{
		"460049591": "{\"popup_rules\":[{\"id\":\"开启青少年模式\",\"action\":\"知道了\"}]}"
	},
	{
		"1335515207": "{\"popup_rules\":[{\"id\":\"开启消息通知\",\"action\":\"icft_close\"}]}"
	},
	{
		"1014178734": "{\"popup_rules\":[{\"id\":\"msAdView\",\"action\":\"ams_icon_single_close\"}]}"
	},
	{
		"1175536078": "{\"popup_rules\":[{\"id\":\"签到领取奖励\",\"action\":\"GLOBAL_ACTION_BACK\"},{\"id\":\"=下载\",\"action\":\"enu\"},{\"id\":\"推送通知&开启\",\"action\":\"apt\"}]}"
	},
	{
		"1238325805": "{\"popup_rules\":[{\"id\":\"发现新版本\",\"action\":\"btn_dismiss\"},{\"id\":\"青少年模式\",\"action\":\"iv_close\"},{\"id\":\"iv_close_icon\",\"action\":\"iv_close_icon\"}]}"
	},
	{
		"1056984291": "{\"popup_rules\":[{\"id\":\"update_content\",\"action\":\"image_cancel\"},{\"id\":\"iv_notice\",\"action\":\"ib_close\"}]}"
	},
	{
		"978047406": "{\"popup_rules\":[{\"id\":\"+开启定位\",\"action\":\"qmapapi_guide_close\"},{\"id\":\"h_explore_rn|NewPopUp|DrawLotteryPopup|Touchable\",\"action\":\"h_explore_rn|NewPopUp|DrawLotteryPopup|Touchable\"}]}"
	},
	{
		"-396646979": "{\"popup_rules\":[{\"id\":\"青少年模式\",\"action\":\"我知道了\"}]}"
	},
	{
		"2128193854": "{\"popup_rules\":[{\"id\":\"青少年模式\",\"action\":\"知道了\"}]}"
	},
	{
		"1659335438": "{\"popup_rules\":[{\"id\":\"iv_drop_cnl_close\",\"action\":\"iv_drop_cnl_close\"},{\"id\":\"共享文件夹\",\"action\":\"稍后再说\"}]}"
	},
	{
		"-1163495604": "{\"popup_rules\":[{\"id\":\"打开通知\",\"action\":\"new_user_download_right_view\"}]}"
	},
	{
		"1268902986": "{\"popup_rules\":[{\"id\":\"系统位置服务未开启\",\"action\":\"iv_image_close\"}]}"
	},
	{
		"-506597855": "{\"popup_rules\":[{\"id\":\"版本更新\",\"action\":\"取消\"}]}"
	},
	{
		"559984781": "{\"popup_rules\":[{\"id\":\"iv_delete\",\"action\":\"iv_delete\"}]}"
	},
	{
		"-1846921724": "{\"popup_rules\":[{\"id\":\"青少年模式\",\"action\":\"我知道了\"},{\"id\":\"iv_dialog_main_activity_bg\",\"action\":\"iv_dialog_main_activity_close\"},{\"id\":\"radiance\",\"action\":\"iv_dialog_live_room_gift_bag_close\"}]}"
	},
	{
		"93910113": "{\"popup_rules\":[{\"id\":\"layout_gift\",\"action\":\"iv_close\"},{\"id\":\"iv_notify\",\"action\":\"iv_close\"}]}"
	},
	{
		"1076661718": "{\"popup_rules\":[{\"id\":\"版本更新\",\"action\":\"暂不更新\"}]}"
	},
	{
		"555434215": "{\"popup_rules\":[{\"id\":\"权限申请说明\",\"action\":\"不同意\"},{\"id\":\"权限申请说明\",\"action\":\"我知道了\"},{\"id\":\"img_bg_header\",\"action\":\"img_close\"},{\"id\":\"txt_client_top_location_guide_title\",\"action\":\"client_top_location_guide_cancel\"},{\"id\":\"contact_post_guide_layout_contact\",\"action\":\"contact_post_guide_img_close\"},{\"id\":\"开启消息通知\",\"action\":\"✕\"},{\"id\":\"ll_wechat_bind_layout\",\"action\":\"iv_wechat_bind_close\"},{\"id\":\"img_bg\",\"action\":\"img_close\"},{\"id\":\"完善个人信息\",\"action\":\"iv_dtl_dialog_close\"}]}"
	},
	{
		"-1048697214": "{\"popup_rules\":[{\"id\":\"青少年模式\",\"action\":\"我知道了\"},{\"id\":\"viewClose\",\"action\":\"viewClose\"},{\"id\":\"fl_video\",\"action\":\"iv_highlight_close\"}]}"
	},
	{
		"-34617839": "{\"popup_rules\":[{\"id\":\"开启定位权限\",\"action\":\"img_close\"},{\"id\":\"想获取您的位置信息\",\"action\":\"不允许\"}]}"
	}
]